{
  "0.098208": 38.88064257443521,
  "0.441200": 32.558603804098986,
  "0.646447": 29.6007215256725,
  "0.783050": 27.95543908010913,
  "0.880513": 25.257550081897115,
  "0.953549": 23.43044803117622,
  "0.966014": 22.71030965730217,
  "0.977883": 21.348910605104482,
  "0.989199": 18.68977718819701,
  "1.000000": 14.999242349683655
}