{
  "0.097968": 20.841465157015566,
  "0.440532": 18.95267602085894,
  "0.645827": 15.6105234930972,
  "0.782590": 13.277020708788703,
  "0.880228": 11.816249848184327,
  "0.953429": 10.847925931169254,
  "0.965925": 10.692514535053341,
  "0.977825": 10.549093618528486,
  "0.989170": 10.413925136183643,
  "1.000000": 10.28383920519197
}