{
  "0.098208": 25.196857187530227,
  "0.441200": 20.300290315154037,
  "0.646447": 16.212477761105415,
  "0.783050": 13.678036275197154,
  "0.880513": 12.105244048526895,
  "0.953549": 11.04477379945628,
  "0.966014": 10.87330182622435,
  "0.977883": 10.71864977660942,
  "0.989199": 10.575668613744686,
  "1.000000": 10.446546849512444
}