{
  "0.097968": 37.51953494619374,
  "0.440532": 36.37536454207952,
  "0.645827": 35.53145393365744,
  "0.782590": 34.71342348578882,
  "0.880228": 33.51643900050792,
  "0.953429": 32.89557819667499,
  "0.965925": 32.74123963191699,
  "0.977825": 32.27639129383531,
  "0.989170": 31.731884082593787,
  "1.000000": 20.841465157015566
}