{
  "0.098208": 34.76114569211434,
  "0.441200": 32.96001854522387,
  "0.646447": 30.834020983810937,
  "0.783050": 28.365326119629373,
  "0.880513": 26.693763565896088,
  "0.953549": 26.731142553100472,
  "0.966014": 26.62634902006989,
  "0.977883": 26.98349462135813,
  "0.989199": 26.445362192636004,
  "1.000000": 24.718428001664655
}