{
  "0.098208": -339968.0,
  "0.441200": -329728.0,
  "0.646447": -317440.0,
  "0.783050": -311296.0,
  "0.880513": -305152.0,
  "0.953549": -311296.0,
  "0.966014": -313344.0,
  "0.977883": -327680.0,
  "0.989199": -356352.0,
  "1.000000": -339968.0
}