{
  "0.098208": 34.76114569211434,
  "0.441200": 27.39974184219765,
  "0.646447": 24.249404217202333,
  "0.783050": 22.888635962424896,
  "0.880513": 21.788538959237805,
  "0.953549": 21.079650886080493,
  "0.966014": 20.87843069949875,
  "0.977883": 20.90807666662538,
  "0.989199": 20.353074694775856,
  "1.000000": 18.96382515720312
}