{
  "0.098208": 38.88064257443521,
  "0.441200": 37.39434526995774,
  "0.646447": 36.284638075230504,
  "0.783050": 35.99055999323709,
  "0.880513": 34.65625471755117,
  "0.953549": 34.5925852919379,
  "0.966014": 34.05102417932186,
  "0.977883": 33.134695176977516,
  "0.989199": 30.12321234886183,
  "1.000000": 25.196857187530227
}