{
  "0.097968": 37.51953494619374,
  "0.440532": 32.61464522403245,
  "0.645827": 29.60728408031805,
  "0.782590": 27.52012751216117,
  "0.880228": 24.93347780906214,
  "0.953429": 23.665017451808975,
  "0.965925": 23.21595745422313,
  "0.977825": 22.456981701383363,
  "0.989170": 21.370779814147415,
  "1.000000": 18.35611551836584
}